"Waybill_No","ParentWayBillNumber","MPSList","Account_Code","Company_Name","Origin ","Destination Code","Destination Pit","DESTINATION CITY","DELIVERY COMPANY NAME","DELIVERY NAME","DELIVERY ADDRESS","DELIVERY POSTCODE","DELIVERY PHONE NUMBER","ParcelType","Weight","VOLWeight","AWMWeight","AWMVOLWeight","JogetWeight","JogetVOLWeight","Num_of_pieces","Delivery_Status","Current_Location","Current_Status","UndeliveredReason","Employee_ID","Employee_Name","Role","Last_Status_Date","Last_Status_Time","Delivery_Date","Delivery_Time","ICPassportNo","ATTEMPT1_DATE","ATTEMPT1_TIME","ATTEMPT1_REASON","ATTEMPT2_DATETIME","ATTEMPT2_TIME","ATTEMPT2_REASON","ATTEMPT3_DATE","ATTEMPT3_TIME","ATTEMPT3_REASON","Shipper_reference_number","DO number","CODAmount","CODCollected","Booking_Date","Booking_Time","PickedUpDate","Pickup_Time","Lodgin_Date","Lodgin_Time","ShipmentType","ConfigServiceCode","ServiceTypeName","SLA(Hours)","WayBillId",
"CND170669044247001","ZND170669044247","Child","B3110261000","SHAIKH REHAN AHMED CN","DKLG","DPAB","null","Kangar","ESS","ESS Test","21,Jalan Alor Sena,Bohor Gelam","'01000","'8956230147","Package","4.00","0.01066666666666666667","null","0E-20","'0","0E-20","1","INTRANSIT","DKLG","Order Placed","null","null","null","null","2024-02-02","14:28","null","null","","null","null","null","null","null","null","null","null","null","","","0","0","2024-02-02","14:26","null","null","null","null","Pickup","ST00000008","ValuePack - Agent SP","72.0","'12348602",
"ZND170669044131","ZND170669044131","Mother","B3111116000","TEST PRODUCTION API","DUSJ","DUSJ","DEPOT","Shah Alam","null","Shubham -","No,No 2 jln liku B 8/B Seksyen 8 shah alam selangor,No 2 jln liku B 8/B Seksyen 8 shah alam selangor.","'40000","03-55232227","Package","0.010","0.00133333333333333333","null","0E-20","'0","0E-20","1","INTRANSIT","DUSJ","Order Placed","null","null","null","null","2024-02-02","12:24","null","null","","null","null","null","null","null","null","null","null","null","#1023-1","","0","0","2024-02-02","12:22","null","null","null","null","Lodge In","ST00000003","Express - Sales V1","24.0","'12348597",
"ZND170669044155","ZND170669044155","Mother","B3110261000","SHAIKH REHAN AHMED CN","DKLG","DPAB","null","Kangar","ESS","ESS Test","21,Jalan Alor Sena,Bohor Gelam","'01000","'8956230147","Package","1.000","0.00016666666666666667","null","0E-20","'0","0E-20","1","DELIVERED","DKLG","Delivered","null","LCSANSH","SUPPORT UAT","ADMINISTRATOR","2024-02-02","17:08","2024-02-02","17:08","","null","null","null","null","null","null","null","null","null","","","0","0","2024-02-02","13:53","null","null","2024-02-02","14:12","Lodge In","ST00000008","ValuePack - Agent SP","72.0","'12348598",
"ZND170669044162","ZND170669044162","Mother","B3111116000","TEST PRODUCTION API","DRWG04","DRWG04","null","Batang Kali","YES LOGISTICS11","WONG TEST456","-,11 22 JALAN KELISA 4C/5 TAMAN DESA KELISA ULU YAM BARU BATANG KALI SELANGOR,","'44300","'0104630711","Package","5.000","5.0000000000000000","null","0E-20","'0","0E-20","1","INTRANSIT","DRWG04","Order Placed","null","null","null","null","2024-02-02","13:57","null","null","","null","null","null","null","null","null","null","null","null","SLC-海小-SF0003798","null","0","0","2024-02-02","13:55","null","null","null","null","Lodge In","ST00000003","Express - Sales V1","24.0","'12348599",
"ZND170669044209","ZND170669044209","Mother","B3110261000","SHAIKH REHAN AHMED CN","DKLG","DPAB","null","Kangar","ESS","ESS Test","21,Jalan Alor Sena,Bohor Gelam","'01000","'8956230147","Package","2.00","0.00133333333333333333","null","0E-20","'0","0E-20","1","INTRANSIT","XW1013","Lodged In","null","null","null","null","2024-02-02","14:14","null","null","","null","null","null","null","null","null","null","null","null","","","0","0","2024-02-02","14:11","null","null","2024-02-02","14:14","Lodge In","ST00000008","ValuePack - Agent SP","72.0","'12348600",
"ZND170669044247","ZND170669044247","Mother","B3110261000","SHAIKH REHAN AHMED CN","DKLG","DPAB","null","Kangar","ESS","ESS Test","21,Jalan Alor Sena,Bohor Gelam","'01000","'8956230147","Package","4.00","0.01066666666666666667","null","0E-20","'0","0E-20","2","INTRANSIT","DKLG","Order Placed","null","null","null","null","2024-02-02","14:28","null","null","","null","null","null","null","null","null","null","null","null","","","0","0","2024-02-02","14:26","null","null","null","null","Pickup","ST00000008","ValuePack - Agent SP","72.0","'12348601",
